C:\SourceCode\Esp32HexMapCrawl\scripts\lpc\out\tts\e6cc1277c96711a7.wav	one
C:\SourceCode\Esp32HexMapCrawl\scripts\lpc\out\tts\22f5f70b544cf150.wav	two
C:\SourceCode\Esp32HexMapCrawl\scripts\lpc\out\tts\8e55e916a4f28c98.wav	three
C:\SourceCode\Esp32HexMapCrawl\scripts\lpc\out\tts\01692214ae843cb4.wav	four
C:\SourceCode\Esp32HexMapCrawl\scripts\lpc\out\tts\000afceb2429ca9c.wav	five
C:\SourceCode\Esp32HexMapCrawl\scripts\lpc\out\tts\38fdf5803b954958.wav	six
C:\SourceCode\Esp32HexMapCrawl\scripts\lpc\out\tts\cd76146fe9912d35.wav	seven
C:\SourceCode\Esp32HexMapCrawl\scripts\lpc\out\tts\6a765b74350d53a5.wav	eight
C:\SourceCode\Esp32HexMapCrawl\scripts\lpc\out\tts\fd5e1c47248832d5.wav	nine
C:\SourceCode\Esp32HexMapCrawl\scripts\lpc\out\tts\c10b87824af9c68f.wav	ten
C:\SourceCode\Esp32HexMapCrawl\scripts\lpc\out\tts\f6a51d037e4fe4d3.wav	eleven
C:\SourceCode\Esp32HexMapCrawl\scripts\lpc\out\tts\3679a65483cd42cf.wav	twelve
C:\SourceCode\Esp32HexMapCrawl\scripts\lpc\out\tts\038e0d5adfc932dc.wav	thirteen
C:\SourceCode\Esp32HexMapCrawl\scripts\lpc\out\tts\eb0bb68b1d70eb22.wav	fourteen
C:\SourceCode\Esp32HexMapCrawl\scripts\lpc\out\tts\2e2c87e80de4f296.wav	fifteen
C:\SourceCode\Esp32HexMapCrawl\scripts\lpc\out\tts\def267100921e652.wav	sixteen
C:\SourceCode\Esp32HexMapCrawl\scripts\lpc\out\tts\600f43c229360b9d.wav	seventeen
C:\SourceCode\Esp32HexMapCrawl\scripts\lpc\out\tts\f157b7f40dd15f36.wav	eighteen
C:\SourceCode\Esp32HexMapCrawl\scripts\lpc\out\tts\9eed1276580fd906.wav	nineteen
C:\SourceCode\Esp32HexMapCrawl\scripts\lpc\out\tts\e13af019c214d42b.wav	twenty
C:\SourceCode\Esp32HexMapCrawl\scripts\lpc\out\tts\af4b49ebfd59abce.wav	thirty
C:\SourceCode\Esp32HexMapCrawl\scripts\lpc\out\tts\dd3bfad274d69a1c.wav	forty
C:\SourceCode\Esp32HexMapCrawl\scripts\lpc\out\tts\7731526b13f0df43.wav	fifty
C:\SourceCode\Esp32HexMapCrawl\scripts\lpc\out\tts\65eeb449ac7e5435.wav	sixty
C:\SourceCode\Esp32HexMapCrawl\scripts\lpc\out\tts\101f8fff0c9d66cb.wav	seventy
C:\SourceCode\Esp32HexMapCrawl\scripts\lpc\out\tts\218f2b4321a7dcfe.wav	eighty
C:\SourceCode\Esp32HexMapCrawl\scripts\lpc\out\tts\e207fd8f87a54f31.wav	ninety
C:\SourceCode\Esp32HexMapCrawl\scripts\lpc\out\tts\e79254c754f0bec5.wav	hundred
C:\SourceCode\Esp32HexMapCrawl\scripts\lpc\out\tts\61127c5ed637643a.wav	day
C:\SourceCode\Esp32HexMapCrawl\scripts\lpc\out\tts\559e4d6a3c0103d1.wav	comes up grey over the waste.
C:\SourceCode\Esp32HexMapCrawl\scripts\lpc\out\tts\484516d081d317e0.wav	thin light. and we are still here.
C:\SourceCode\Esp32HexMapCrawl\scripts\lpc\out\tts\9ae7980206ea1e74.wav	another sun.
C:\SourceCode\Esp32HexMapCrawl\scripts\lpc\out\tts\932ad38ee72c3b33.wav	night falls.
C:\SourceCode\Esp32HexMapCrawl\scripts\lpc\out\tts\80075255662377f6.wav	the dark comes down.
C:\SourceCode\Esp32HexMapCrawl\scripts\lpc\out\tts\b7d427be0b3d53cd.wav	the clock turns. something out there woke up.
C:\SourceCode\Esp32HexMapCrawl\scripts\lpc\out\tts\8f79473699af270b.wav	the clock turns again. the waste is paying attention.
C:\SourceCode\Esp32HexMapCrawl\scripts\lpc\out\tts\664d3fbab49964ce.wav	the clock turns. nothing out here is sleeping now.
C:\SourceCode\Esp32HexMapCrawl\scripts\lpc\out\tts\a04b3a54c369cb85.wav	the clock has run out of patience with us.
C:\SourceCode\Esp32HexMapCrawl\scripts\lpc\out\tts\e22b5d3c4fc5f3d3.wav	too late.
C:\SourceCode\Esp32HexMapCrawl\scripts\lpc\out\tts\7a6f691dfcf1ba9d.wav	warning.
C:\SourceCode\Esp32HexMapCrawl\scripts\lpc\out\tts\ac4238a42e0fa401.wav	the guide
C:\SourceCode\Esp32HexMapCrawl\scripts\lpc\out\tts\0e252c318eec8238.wav	the quartermaster
C:\SourceCode\Esp32HexMapCrawl\scripts\lpc\out\tts\942f162dfc00c31f.wav	the medic
C:\SourceCode\Esp32HexMapCrawl\scripts\lpc\out\tts\de1b78694a9c70a6.wav	the mule
C:\SourceCode\Esp32HexMapCrawl\scripts\lpc\out\tts\6c35d69e7a6069fb.wav	the scout
C:\SourceCode\Esp32HexMapCrawl\scripts\lpc\out\tts\4976465938f1edce.wav	the endurer
C:\SourceCode\Esp32HexMapCrawl\scripts\lpc\out\tts\1477b58ba5629d09.wav	takes up the road with us.
C:\SourceCode\Esp32HexMapCrawl\scripts\lpc\out\tts\dc3ecfb04f340b96.wav	walks out, and does not look back.
C:\SourceCode\Esp32HexMapCrawl\scripts\lpc\out\tts\2135fa1f5c8651f8.wav	goes down. and does not get up.
C:\SourceCode\Esp32HexMapCrawl\scripts\lpc\out\tts\b2eed333a31d56b2.wav	no one is left.
C:\SourceCode\Esp32HexMapCrawl\scripts\lpc\out\tts\0751f2d2fa6c7c52.wav	the sky clears. small mercy, and brief.
C:\SourceCode\Esp32HexMapCrawl\scripts\lpc\out\tts\ddcacc8c4f1bfe55.wav	rain comes in thin and cold.
C:\SourceCode\Esp32HexMapCrawl\scripts\lpc\out\tts\444fb7415f8d4783.wav	a storm walks in off the flats.
C:\SourceCode\Esp32HexMapCrawl\scripts\lpc\out\tts\c4e53cc7446da2f4.wav	the rain turns wrong. chem burn.
C:\SourceCode\Esp32HexMapCrawl\scripts\lpc\out\tts\959901f8a3958bcf.wav	strangle fog settles in the low ground.
C:\SourceCode\Esp32HexMapCrawl\scripts\lpc\out\tts\8d3261dfeeb5b969.wav	fog closes the world to arm's length.
C:\SourceCode\Esp32HexMapCrawl\scripts\lpc\out\tts\2c643c9b9fe0de43.wav	the ground heaves.
C:\SourceCode\Esp32HexMapCrawl\scripts\lpc\out\tts\5d0509813beedd5f.wav	fire.
C:\SourceCode\Esp32HexMapCrawl\scripts\lpc\out\tts\998130513c16022b.wav	flash flood.
C:\SourceCode\Esp32HexMapCrawl\scripts\lpc\out\tts\2e0db0e69f673c97.wav	steps off the map, and into the dark.
C:\SourceCode\Esp32HexMapCrawl\scripts\lpc\out\tts\7145b834a9e43acc.wav	that is correct.
C:\SourceCode\Esp32HexMapCrawl\scripts\lpc\out\tts\7ab3d913a083f88a.wav	that is incorrect.
C:\SourceCode\Esp32HexMapCrawl\scripts\lpc\out\tts\833cc653f1e9799a.wav	back into the light.
C:\SourceCode\Esp32HexMapCrawl\scripts\lpc\out\tts\6e53fca0b76e0347.wav	picked clean. every last piece.
C:\SourceCode\Esp32HexMapCrawl\scripts\lpc\out\tts\9658b9432f2762de.wav	step right up. step right up.
C:\SourceCode\Esp32HexMapCrawl\scripts\lpc\out\tts\be9ac50e1ce57be5.wav	the caravan is here.
C:\SourceCode\Esp32HexMapCrawl\scripts\lpc\out\tts\104d140eff55009f.wav	a bargain, for the brave.
C:\SourceCode\Esp32HexMapCrawl\scripts\lpc\out\tts\0335a12a74017a66.wav	the weight behind you lifts. it has lost the thread.
C:\SourceCode\Esp32HexMapCrawl\scripts\lpc\out\tts\906257cb0eeb768c.wav	whatever was following has turned away.
C:\SourceCode\Esp32HexMapCrawl\scripts\lpc\out\tts\a8b82df06fbf51b9.wav	the air goes quiet. for now.
C:\SourceCode\Esp32HexMapCrawl\scripts\lpc\out\tts\0e025b03a7f40318.wav	something out there has your scent.
C:\SourceCode\Esp32HexMapCrawl\scripts\lpc\out\tts\f931deb3598182c2.wav	the wind changed. it knows which way you went.
C:\SourceCode\Esp32HexMapCrawl\scripts\lpc\out\tts\37dfc9986c8629fe.wav	you left too much of yourself on that ground.
C:\SourceCode\Esp32HexMapCrawl\scripts\lpc\out\tts\1bc50c6aea995c4e.wav	everything you gather, it unmakes.
C:\SourceCode\Esp32HexMapCrawl\scripts\lpc\out\tts\713229d427498379.wav	it is eating the ground behind you.
C:\SourceCode\Esp32HexMapCrawl\scripts\lpc\out\tts\34464bc1d30f7323.wav	your work rots as fast as you can do it.
C:\SourceCode\Esp32HexMapCrawl\scripts\lpc\out\tts\26d39c75b4c05161.wav	it has stopped looking. it is coming.
C:\SourceCode\Esp32HexMapCrawl\scripts\lpc\out\tts\48b4e36c57fa402d.wav	there is no track to follow now. only you.
C:\SourceCode\Esp32HexMapCrawl\scripts\lpc\out\tts\9cf4af96f2f6649c.wav	it knows the shape of you.
C:\SourceCode\Esp32HexMapCrawl\scripts\lpc\out\tts\f3c2e6cf4eed2fc5.wav	run.
C:\SourceCode\Esp32HexMapCrawl\scripts\lpc\out\tts\109d09a9c0466dee.wav	i see you.
C:\SourceCode\Esp32HexMapCrawl\scripts\lpc\out\tts\0bf0aac466bd9d42.wav	mine.
C:\SourceCode\Esp32HexMapCrawl\scripts\lpc\out\tts\f318ad08b618bc50.wav	come here.
C:\SourceCode\Esp32HexMapCrawl\scripts\lpc\out\tts\a6714165093a1bcc.wav	welcome to the wasteland.
C:\SourceCode\Esp32HexMapCrawl\scripts\lpc\out\tts\af0a12be9801713d.wav	survivors remain.
