t,bus,part,patch,midi,vel,dur
0.0000,0,2,6,50.00,0.898,0.714
0.0000,0,3,2,77.00,0.984,0.393
0.0000,0,5,13,45.00,0.276,0.214
0.0020,0,6,20,60.00,1.000,-1.000
0.3760,0,3,2,79.00,0.819,0.312
0.7000,0,1,7,62.00,0.677,0.313
0.7000,0,1,7,65.00,0.677,0.313
0.7000,0,1,7,69.00,0.677,0.313
0.7000,0,3,2,81.00,0.732,0.600
0.7000,0,5,16,80.00,0.213,0.104
1.3040,0,1,7,62.00,0.575,0.295
1.3040,0,1,7,65.00,0.575,0.295
1.3040,0,1,7,69.00,0.575,0.295
1.3040,0,3,2,82.00,0.717,0.566
1.3040,0,5,16,80.00,0.213,0.098
1.8880,0,2,6,57.00,0.898,0.484
1.8880,0,3,2,86.00,0.984,0.266
1.8880,0,5,13,45.00,0.276,0.145
2.1780,0,3,2,88.00,0.772,0.265
2.4680,0,1,7,62.00,0.677,0.288
2.4680,0,1,7,65.00,0.677,0.288
2.4680,0,1,7,69.00,0.677,0.288
2.4680,0,3,2,77.00,0.717,0.553
2.4680,0,5,16,80.00,0.213,0.096
3.0440,0,1,7,62.00,0.575,0.288
3.0440,0,1,7,65.00,0.575,0.288
3.0440,0,1,7,69.00,0.575,0.288
3.0440,0,3,2,79.00,0.772,0.552
3.0440,0,5,16,80.00,0.213,0.096
3.6200,0,2,6,57.00,0.898,0.480
3.6200,0,5,13,45.00,0.276,0.144
4.1940,0,1,7,69.00,0.677,0.288
4.1940,0,1,7,61.00,0.677,0.288
4.1940,0,1,7,64.00,0.677,0.288
4.1940,0,3,2,81.00,0.717,0.551
4.1940,0,5,16,80.00,0.213,0.096
4.7700,0,1,7,69.00,0.575,0.287
4.7700,0,1,7,61.00,0.575,0.287
4.7700,0,1,7,64.00,0.575,0.287
4.7700,0,3,2,86.00,0.772,0.551
4.7700,0,5,16,80.00,0.213,0.096
5.3440,0,2,6,52.00,0.898,0.479
5.3440,0,3,2,73.00,1.000,1.701
5.3440,0,5,13,45.00,0.276,0.144
5.9200,0,1,7,69.00,0.677,0.287
5.9200,0,1,7,61.00,0.677,0.287
5.9200,0,1,7,64.00,0.677,0.287
5.9200,0,5,16,80.00,0.213,0.096
6.4940,0,1,7,69.00,0.575,0.287
6.4940,0,1,7,61.00,0.575,0.287
6.4940,0,1,7,64.00,0.575,0.287
6.4940,0,5,16,80.00,0.213,0.096
7.0680,0,2,6,57.00,0.898,0.479
7.0680,0,3,2,69.00,0.898,0.551
7.0680,0,5,13,45.00,0.276,0.144
7.6420,0,1,7,69.00,0.677,0.287
7.6420,0,1,7,61.00,0.677,0.287
7.6420,0,1,7,64.00,0.677,0.287
7.6420,0,3,2,79.00,0.740,0.263
7.6420,0,5,16,80.00,0.213,0.096
7.9300,0,3,2,77.00,0.717,0.263
8.2160,0,1,7,69.00,0.575,0.287
8.2160,0,1,7,61.00,0.575,0.287
8.2160,0,1,7,64.00,0.575,0.287
8.2160,0,3,2,70.00,0.803,0.550
8.2160,0,5,16,80.00,0.213,0.096
8.7920,0,2,6,52.00,0.898,0.479
8.7920,0,3,2,73.00,0.906,0.837
8.7920,0,5,13,45.00,0.276,0.144
9.3660,0,1,7,69.00,0.677,0.287
9.3660,0,1,7,61.00,0.677,0.287
9.3660,0,1,7,64.00,0.677,0.287
9.3660,0,5,16,80.00,0.213,0.096
9.6520,0,3,2,74.00,0.732,0.263
9.9400,0,1,7,69.00,0.575,0.287
9.9400,0,1,7,61.00,0.575,0.287
9.9400,0,1,7,64.00,0.575,0.287
9.9400,0,3,2,76.00,0.764,0.550
9.9400,0,5,16,80.00,0.213,0.096
10.5140,0,2,6,50.00,0.898,0.478
10.5140,0,3,2,74.00,1.000,0.167
10.5140,0,5,13,45.00,0.276,0.144
10.7040,0,3,2,73.00,0.772,0.167
10.8960,0,3,2,70.00,0.724,0.167
11.0400,0,3,2,76.00,0.520,0.048
11.0880,0,1,7,62.00,0.677,0.287
11.0880,0,1,7,65.00,0.677,0.287
11.0880,0,1,7,69.00,0.677,0.287
11.0880,0,3,2,77.00,0.740,0.550
11.0880,0,5,16,80.00,0.213,0.096
11.6620,0,1,7,62.00,0.575,0.287
11.6620,0,1,7,65.00,0.575,0.287
11.6620,0,1,7,69.00,0.575,0.287
11.6620,0,3,2,76.00,0.819,0.550
11.6620,0,5,16,80.00,0.213,0.096
12.2360,0,2,6,57.00,0.898,0.478
12.2360,0,3,2,74.00,0.780,0.072
12.2360,0,5,13,45.00,0.276,0.143
12.3060,0,3,2,76.00,0.780,0.072
12.3780,0,3,2,74.00,0.780,0.072
12.4500,0,3,2,76.00,0.780,0.072
12.5220,0,3,2,74.00,0.780,0.072
12.5940,0,3,2,76.00,0.780,0.072
12.6660,0,3,2,74.00,0.780,0.072
12.7380,0,3,2,76.00,0.780,0.072
12.8100,0,1,7,62.00,0.677,0.287
12.8100,0,1,7,65.00,0.677,0.287
12.8100,0,1,7,69.00,0.677,0.287
12.8100,0,2,6,49.00,0.717,0.478
12.8100,0,3,2,74.00,0.921,0.550
12.8100,0,5,16,80.00,0.213,0.096
13.3820,0,1,7,62.00,0.575,0.287
13.3820,0,1,7,65.00,0.575,0.287
13.3820,0,1,7,69.00,0.575,0.287
13.3820,0,2,6,48.00,0.717,0.478
13.3820,0,3,2,74.00,0.795,0.550
13.3820,0,5,16,80.00,0.213,0.096
13.9560,0,2,6,50.00,0.898,0.478
13.9560,0,3,2,77.00,0.906,0.550
13.9560,0,5,13,45.00,0.276,0.143
14.5300,0,1,7,62.00,0.677,0.287
14.5300,0,1,7,65.00,0.677,0.287
14.5300,0,1,7,69.00,0.677,0.287
14.5300,0,3,2,79.00,0.732,0.263
14.5300,0,5,16,80.00,0.213,0.096
14.8180,0,3,2,81.00,0.732,0.263
15.1040,0,1,7,62.00,0.575,0.287
15.1040,0,1,7,65.00,0.575,0.287
15.1040,0,1,7,69.00,0.575,0.287
15.1040,0,3,2,82.00,0.795,0.550
15.1040,0,5,16,80.00,0.213,0.096
15.6780,0,2,6,62.00,0.898,0.478
15.6780,0,3,2,82.00,1.000,0.550
15.6780,0,5,13,45.00,0.276,0.143
16.2520,0,1,7,67.00,0.677,0.287
16.2520,0,1,7,58.00,0.677,0.287
16.2520,0,1,7,62.00,0.677,0.287
16.2520,0,3,2,85.00,0.787,0.263
16.2520,0,5,16,80.00,0.213,0.096
16.4900,0,3,2,85.00,0.559,0.048
16.5380,0,3,2,86.00,0.803,0.263
16.8260,0,1,7,67.00,0.575,0.287
16.8260,0,1,7,58.00,0.575,0.287
16.8260,0,1,7,62.00,0.575,0.287
16.8260,0,3,2,88.00,0.740,0.550
16.8260,0,5,16,80.00,0.213,0.096
17.3980,0,2,6,57.00,0.898,0.478
17.3980,0,3,2,85.00,0.953,0.837
17.3980,0,5,13,45.00,0.276,0.143
17.9720,0,1,7,69.00,0.677,0.287
17.9720,0,1,7,61.00,0.677,0.287
17.9720,0,1,7,64.00,0.677,0.287
17.9720,0,5,16,80.00,0.213,0.096
18.2120,0,3,2,81.00,0.567,0.048
18.2600,0,3,2,82.00,0.819,0.263
18.4980,0,3,2,80.00,0.543,0.048
18.5460,0,1,7,69.00,0.575,0.287
18.5460,0,1,7,61.00,0.575,0.287
18.5460,0,1,7,64.00,0.575,0.287
18.5460,0,3,2,81.00,0.772,0.550
18.5460,0,5,16,80.00,0.213,0.096
19.1200,0,2,6,57.00,0.898,0.478
19.1200,0,3,2,77.00,0.984,1.123
19.1200,0,5,13,45.00,0.276,0.143
19.6920,0,1,7,62.00,0.677,0.287
19.6920,0,1,7,65.00,0.677,0.287
19.6920,0,1,7,69.00,0.677,0.287
19.6920,0,5,16,80.00,0.213,0.096
20.2660,0,1,7,62.00,0.575,0.287
20.2660,0,1,7,65.00,0.575,0.287
20.2660,0,1,7,69.00,0.575,0.287
20.2660,0,3,2,81.00,0.740,0.550
20.2660,0,5,16,80.00,0.213,0.096
20.8400,0,2,6,58.00,0.898,0.478
20.8400,0,3,2,82.00,1.000,0.836
20.8400,0,5,13,45.00,0.276,0.143
21.4140,0,1,7,58.00,0.677,0.287
21.4140,0,1,7,62.00,0.677,0.287
21.4140,0,1,7,65.00,0.677,0.287
21.4140,0,5,16,80.00,0.213,0.096
21.7000,0,3,2,85.00,0.748,0.263
21.9880,0,1,7,58.00,0.575,0.287
21.9880,0,1,7,62.00,0.575,0.287
21.9880,0,1,7,65.00,0.575,0.287
21.9880,0,3,2,86.00,0.819,0.550
21.9880,0,5,16,80.00,0.213,0.096
22.5600,0,2,6,59.00,0.898,0.478
22.5600,0,3,2,88.00,0.882,0.836
22.5600,0,5,13,45.00,0.276,0.143
23.1340,0,1,7,64.00,0.677,0.287
23.1340,0,1,7,67.00,0.677,0.287
23.1340,0,1,7,58.00,0.677,0.287
23.1340,0,5,16,80.00,0.213,0.096
23.4200,0,3,2,77.00,0.780,0.263
23.7080,0,1,7,64.00,0.575,0.287
23.7080,0,1,7,67.00,0.575,0.287
23.7080,0,1,7,58.00,0.575,0.287
23.7080,0,3,2,79.00,0.787,0.550
23.7080,0,5,16,80.00,0.213,0.096
24.2820,0,2,6,57.00,0.898,0.478
24.2820,0,3,2,81.00,0.961,0.836
24.2820,0,5,13,45.00,0.276,0.143
24.8540,0,1,7,69.00,0.677,0.287
24.8540,0,1,7,61.00,0.677,0.287
24.8540,0,1,7,64.00,0.677,0.287
24.8540,0,5,16,80.00,0.213,0.096
25.1420,0,3,2,82.00,0.811,0.263
25.4280,0,1,7,69.00,0.575,0.287
25.4280,0,1,7,61.00,0.575,0.287
25.4280,0,1,7,64.00,0.575,0.287
25.4280,0,3,2,85.00,0.795,0.550
25.4280,0,5,16,80.00,0.213,0.096
26.0020,0,2,6,57.00,0.898,0.478
26.0020,0,3,2,86.00,0.953,1.123
26.0020,0,5,13,45.00,0.276,0.143
26.6160,0,1,7,62.00,0.677,0.312
26.6160,0,1,7,65.00,0.677,0.312
26.6160,0,1,7,69.00,0.677,0.312
26.6160,0,2,6,49.00,0.717,0.519
26.6160,0,5,16,80.00,0.213,0.104
27.1980,0,1,7,62.00,0.575,0.287
27.1980,0,1,7,65.00,0.575,0.287
27.1980,0,1,7,69.00,0.575,0.287
27.1980,0,2,6,48.00,0.717,0.478
27.1980,0,3,2,81.00,0.835,0.550
27.1980,0,5,16,80.00,0.213,0.096
82.8720,0,2,6,50.00,0.898,0.478
82.8720,0,3,2,81.00,0.898,0.550
82.8720,0,5,13,45.00,0.276,0.143
83.4460,0,1,7,62.00,0.677,0.287
83.4460,0,1,7,65.00,0.677,0.287
83.4460,0,1,7,69.00,0.677,0.287
83.4460,0,3,2,85.00,0.772,0.550
83.4460,0,5,16,80.00,0.213,0.096
84.0200,0,1,7,62.00,0.575,0.287
84.0200,0,1,7,65.00,0.575,0.287
84.0200,0,1,7,69.00,0.575,0.287
84.0200,0,3,2,86.00,0.819,0.550
84.0200,0,5,16,80.00,0.213,0.096
84.5920,0,2,6,57.00,0.898,0.478
84.5920,0,3,2,86.00,0.945,0.406
84.5920,0,5,13,45.00,0.276,0.143
85.0220,0,3,2,88.00,0.772,0.119
85.1660,0,1,7,62.00,0.677,0.287
85.1660,0,1,7,65.00,0.677,0.287
85.1660,0,1,7,69.00,0.677,0.287
85.1660,0,3,2,79.00,0.724,0.550
85.1660,0,5,16,80.00,0.213,0.096
85.7400,0,1,7,62.00,0.575,0.287
85.7400,0,1,7,65.00,0.575,0.287
85.7400,0,1,7,69.00,0.575,0.287
85.7400,0,3,2,86.00,0.787,0.550
85.7400,0,5,16,80.00,0.213,0.096
86.3120,0,2,6,57.00,0.898,0.478
86.3120,0,5,13,45.00,0.276,0.143
86.8860,0,1,7,69.00,0.677,0.287
86.8860,0,1,7,61.00,0.677,0.287
86.8860,0,1,7,64.00,0.677,0.287
86.8860,0,3,2,88.00,0.772,0.550
86.8860,0,5,16,80.00,0.213,0.096
87.4600,0,1,7,69.00,0.575,0.287
87.4600,0,1,7,61.00,0.575,0.287
87.4600,0,1,7,64.00,0.575,0.287
87.4600,0,3,2,77.00,0.835,0.550
87.4600,0,5,16,80.00,0.213,0.096
88.0340,0,2,6,52.00,0.898,0.478
88.0340,0,3,2,79.00,0.913,1.123
88.0340,0,5,13,45.00,0.276,0.143
88.6060,0,1,7,69.00,0.677,0.287
88.6060,0,1,7,61.00,0.677,0.287
88.6060,0,1,7,64.00,0.677,0.287
88.6060,0,5,16,80.00,0.213,0.096
89.1800,0,1,7,69.00,0.575,0.287
89.1800,0,1,7,61.00,0.575,0.287
89.1800,0,1,7,64.00,0.575,0.287
89.1800,0,3,2,73.00,0.811,0.550
89.1800,0,5,16,80.00,0.213,0.096
89.7540,0,2,6,57.00,0.898,0.478
89.7540,0,3,2,69.00,1.000,0.836
89.7540,0,5,13,45.00,0.276,0.143
